province;red;green;blue;x;x
1;151;2;79;kyema;x
2;90;76;3;danitya;x
3;237;161;55;reulund;x
4;229;237;92;lelemma;x
5;216;19;81;kanion;x
6;204;92;125;ephaola;x
7;96;68;33;enamatra;x
8;81;181;9;tadilof;x
9;130;145;61;kirita;x
10;110;43;45;kekaria;x
11;141;109;106;wanofr;x
12;247;106;98;bireuta;x
13;164;28;121;samitya;x
14;217;10;46;lofr;x
15;169;132;9;katra;x
16;208;54;100;agrarman;x
17;252;139;41;nainda;x
18;75;108;49;rekaga;x
19;123;79;16;kitya;x
20;246;167;27;lenda;x
21;127;145;126;weisohn;x
22;155;141;34;eflann;x
23;90;62;39;kekida;x
24;77;84;90;qernat;x
25;129;67;85;lion;x
26;79;19;125;buzory;x
27;74;41;83;kuzion;x
28;144;191;123;tubya;x
29;209;118;101;wekohn;x
30;94;117;100;qanaga;x
31;68;11;94;walias;x
32;240;198;36;emekaria;x
33;85;248;87;damed;x
34;235;133;68;rekory;x
35;239;20;18;kuzory;x
36;105;192;14;wabayla;x
37;83;77;45;wekida;x
38;215;238;4;kamida;x
39;142;59;89;qaybann;x
40;76;200;61;ryuva;x
41;97;205;0;kekory;x
42;200;200;28;kugudra;x
43;95;84;46;rudagh;x
44;121;52;110;baned;x
45;205;252;90;bicha;x
46;94;139;10;tuarone;x
47;165;197;96;rentin;x
48;166;39;52;ewilann;x
49;97;30;39;sibone;x
50;186;152;41;tawala;x
51;217;2;115;lecatra;x
52;121;147;28;kumoka;x
53;139;91;100;lemgata;x
54;72;117;60;qaja;x
55;201;39;93;kanida;x
56;131;118;9;kecala;x
57;252;58;90;lugitya;x
58;124;125;120;raraham;x
59;82;102;82;kecudra;x
60;185;57;90;tanan;x
61;126;103;10;baling;x
62;230;63;80;qann;x
63;89;78;98;kiebata;x
64;167;77;105;bepipias;x
65;82;186;6;demgeva;x
66;233;62;101;ryavafiy;x
67;184;94;71;qubaga;x
68;95;229;121;watur;x
69;155;148;54;karigid;x
70;250;221;116;ledeva;x
71;212;26;33;bigid;x
72;154;144;31;weraga;x
73;98;237;70;sedoka;x
74;143;89;104;sanion;x
75;169;73;5;raidara;x
76;176;232;114;sozuin;x
77;69;199;63;nikoka;x
78;227;152;49;kunaga;x
79;217;242;89;qinn;x
80;238;38;68;wubigid;x
81;114;21;81;amerin;x
82;115;91;112;redoka;x
83;110;94;101;akralder;x
84;71;129;123;kenna;x
85;251;209;112;woroid;x
86;212;215;55;riebeva;x
87;122;137;16;lunima;x
88;138;161;89;nur;x
89;142;108;89;lanous;x
90;252;70;91;ber;x
91;176;82;1;kurerin;x
92;195;16;54;doputan;x
93;178;152;85;kima;x
94;191;49;101;reroka;x
95;68;211;53;esumuin;x
96;205;191;19;baxman;x
97;221;60;24;wofan;x
98;191;93;114;kaint;x
99;161;193;53;tan;x
100;109;25;99;wawann;x
101;66;48;8;kann;x
102;124;41;83;tanion;x
103;186;177;78;davatas;x
104;234;188;35;beda;x
105;187;111;43;kavoka;x
106;68;8;78;ruban;x
107;174;205;45;rekerin;x
108;183;74;126;raidta;x
109;91;147;59;kunur;x
110;83;98;101;saga;x
111;199;242;41;rikeva;x
112;126;225;48;bavim;x
113;64;98;39;ritela;x
114;161;153;36;soroid;x
115;207;183;9;rolur;x
116;131;239;99;ajaja;x
117;208;208;110;recan;x
118;236;82;20;esofaham;x
119;121;161;62;dicha;x
120;205;213;118;kyuva;x
121;68;234;80;toficha;x
122;82;60;71;bamitya;x
123;171;160;89;sotaham;x
124;104;154;42;qolann;x
125;149;191;87;seisida;x
126;225;177;7;bikabahu;x
127;235;175;40;nozeva;x
128;216;135;119;bopaham;x
129;229;218;31;ephata;x
130;229;69;12;ramatra;x
131;137;144;102;qavutan;x
132;131;207;26;bonory;x
133;210;160;41;sekikkel;x
134;82;37;5;noper;x
135;97;140;20;tya;x
136;82;196;8;neduin;x
137;246;103;56;kanan;x
138;110;172;12;qeligid;x
139;161;117;50;ralvor;x
140;249;25;26;erawous;x
141;212;70;122;rifa;x
142;226;247;20;banicha;x
143;199;53;65;keroka;x
144;192;201;79;neroka;x
145;75;62;70;kya;x
146;186;128;93;wavaig;x
147;102;200;93;qiseer;x
148;69;197;71;tekur;x
149;207;151;79;eguared;x
150;84;210;5;tanalsag;x
151;194;186;60;lobenna;x
152;190;111;87;koratas;x
153;228;69;36;korure;x
154;234;118;84;warela;x
155;254;249;52;numim;x
156;224;37;79;ditim;x
157;232;139;36;kofyuva;x
158;84;190;16;danigid;x
159;90;92;50;qigid;x
160;252;172;115;ekrikkel;x
161;71;42;101;esviafiy;x
162;168;2;58;rolaham;x
163;220;223;62;ebavela;x
164;130;41;123;akralvor;x
165;83;1;76;kelukh;x
166;115;249;112;adavuin;x
167;157;177;65;labahu;x
168;86;160;102;tisine;x
169;108;95;21;raga;x
170;102;145;73;tikeva;x
171;214;181;88;tamas;x
172;162;155;87;etsoslan;x
173;161;254;91;wernat;x
174;102;84;113;lama;x
175;79;122;97;sofan;x
176;137;89;75;teenuin;x
177;110;32;99;senicha;x
178;98;212;21;adobutan;x
179;206;131;115;nicata;x
180;91;103;125;tine;x
181;225;66;3;dedim;x
182;71;39;20;qageer;x
183;115;18;14;bainuin;x
184;116;3;96;kerin;x
185;132;139;80;tavine;x
186;129;47;120;diluzma;x
187;223;227;67;nedutan;x
188;242;156;91;kinyuva;x
189;83;53;105;dogas;x
190;95;29;4;tafiy;x
191;96;166;10;lubyuva;x
192;207;63;10;qoteytn;x
193;208;13;106;ranalsag;x
194;229;183;106;enata;x
195;198;133;49;lalafiy;x
196;206;34;37;qopyuva;x
197;129;160;57;karohn;x
198;86;84;54;sagata;x
199;64;159;45;walela;x
200;164;199;94;rubyuva;x
201;113;129;78;noucohn;x
202;102;110;16;talvor;x
203;99;234;40;kisim;x
204;127;89;0;nelata;x
205;64;192;20;qarara;x
206;99;157;66;doucas;x
207;233;232;74;emanous;x
208;219;160;83;weenuna;x
209;245;234;82;qainuin;x
210;184;135;44;etserdi;x
211;160;46;65;latan;x
212;240;10;118;kart;x
213;158;138;106;adobure;x
214;80;217;110;rogutan;x
215;113;250;96;tous;x
216;254;120;31;adelela;x
217;141;152;74;risafiy;x
218;71;234;23;qicata;x
219;120;226;47;bur;x
220;163;104;98;bavuzma;x
221;224;72;57;kopaz;x
222;178;185;94;reluzma;x
223;154;224;106;akigid;x
224;110;4;43;latur;x
225;175;8;8;teiruin;x
226;238;82;125;narilay;x
227;90;81;48;ebener;x
228;210;12;49;tisela;x
229;180;224;82;dobutan;x
230;93;96;13;natkim;x
231;83;146;61;ralerdi;x
232;254;106;96;ajavata;x
233;178;247;61;sous;x
234;181;166;106;abana;x
235;111;162;24;ahjura;x
236;200;36;106;qoputan;x
237;146;99;1;abartaz;x
238;200;176;57;wibovai;x
239;87;92;6;tanela;x
240;221;18;111;telurd;x
241;234;106;64;kigid;x
242;151;122;22;waraig;x
243;170;190;17;nabolun;x
244;236;68;22;narure;x
245;211;192;111;ezarigid;x
246;145;68;80;ravutan;x
247;246;59;27;belaham;x
248;101;100;36;eskaham;x
249;179;145;116;titotan;x
250;101;205;51;bobutan;x
251;141;235;81;waesohn;x
252;162;147;55;welutan;x
253;230;179;90;barana;x
254;243;81;12;qabotan;x
255;245;87;106;nistan;x
256;69;91;23;notaz;x
257;85;216;47;wanga;x
258;229;115;5;esunig;x
259;162;128;38;kavutan;x
260;180;58;42;qaward;x
261;247;81;54;atucho;x
262;118;251;54;qaras;x
263;66;3;10;torure;x
264;80;231;28;wausaj;x
265;66;147;21;rawor;x
266;80;202;38;ravohn;x
267;242;33;89;nanizo;x
268;168;88;100;dilip;x
269;89;191;21;ticotan;x
270;210;229;126;kemolun;x
271;108;248;92;quneo;x
272;194;137;120;wereo;x
273;74;2;126;totobbo;x
274;136;153;23;wabani;x
275;98;107;25;ragipp;x
276;122;226;44;korilay;x
277;171;11;57;webamal;x
278;120;232;12;efasobbo;x
279;211;173;27;riran;x
280;92;164;0;nekulad;x
281;217;171;58;buhotan;x
282;64;65;59;raland;x
283;213;10;15;nabor;x
284;96;43;105;dasaha;x
285;226;19;77;kohucho;x
286;66;89;118;sasan;x
287;156;248;7;ethalis;x
288;79;113;97;kainrau;x
289;71;71;79;tana;x
290;130;161;21;nalaga;x
291;227;124;32;ejohig;x
292;245;244;10;naytaram;x
293;206;12;8;qadiek;x
294;105;50;31;abasune;x
295;243;103;45;kyakan;x
296;125;145;11;rasike;x
297;89;177;6;sasada;x
298;253;85;45;kiek;x
299;166;46;69;bemilo;x
300;232;93;73;danga;x
301;177;25;102;lanegin;x
302;240;23;76;taland;x
303;208;248;96;qulad;x
304;91;154;41;keim;x
305;240;164;121;qedor;x
306;228;34;47;nianine;x
307;126;140;46;wifaga;x
308;202;249;10;raneorn;x
309;83;224;0;renike;x
310;167;8;54;kasotan;x
311;166;35;12;taramal;x
312;100;55;97;touune;x
313;229;52;71;ebalim;x
314;98;208;116;sobbo;x
315;196;66;85;dekulam;x
316;212;228;104;komas;x
317;133;61;102;elekilo;x
318;170;36;58;witucho;x
319;210;78;54;danund;x
320;70;163;25;nafida;x
321;157;62;85;tasulam;x
322;81;181;60;katevi;x
323;151;208;14;wune;x
324;204;176;106;none;x
325;111;86;84;rulam;x
326;88;238;25;asacike;x
327;147;49;32;efreka;x
328;151;156;32;elodu;x
329;124;95;14;ribina;x
330;82;167;7;nakulay;x
331;228;28;101;echatar;x
332;203;110;46;wuolaga;x
333;175;203;89;atrughur;x
334;70;234;52;rogugel;x
335;120;189;33;kabunia;x
336;222;26;82;nanau;x
337;239;9;70;lolenr;x
338;225;53;34;likan;x
339;129;175;20;emekampa;x
340;247;56;64;kekava;x
341;195;199;7;bicike;x
342;139;118;113;dulara;x
343;249;129;92;eterutas;x
344;90;92;80;kaularam;x
345;198;207;98;elout;x
346;215;72;17;wogaz;x
347;128;196;53;enikor;x
348;181;254;68;atregin;x
349;109;16;16;eterobbo;x
350;73;73;119;wawotan;x
351;133;168;48;elouune;x
352;186;47;9;abegin;x
353;181;28;74;terine;x
354;210;140;27;akauror;x
355;201;99;41;rodu;x
356;97;125;71;tubughur;x
357;168;117;24;rolali;x
358;172;245;50;ralira;x
359;77;20;74;lolatevi;x
360;72;101;15;nenulad;x
361;224;189;93;ronau;x
362;164;78;119;solava;x
363;186;17;31;emekulam;x
364;102;150;50;tanomas;x
365;181;59;111;balim;x
366;108;83;4;koheco;x
367;201;37;118;deleer;x
368;219;230;52;wobuluk;x
369;89;28;82;kagard;x
370;212;165;27;ruditija;x
371;246;240;118;kawone;x
372;101;123;112;ranardu;x
373;194;81;44;danutas;x
374;161;181;87;kunia;x
375;150;38;85;etruluk;x
376;253;231;11;qelili;x
377;168;7;104;ebone;x
378;122;16;85;tanine;x
379;140;79;29;bogarid;x
380;98;99;9;kanulam;x
381;81;127;30;loucira;x
382;219;76;70;serine;x
383;73;145;76;tuina;x
384;167;26;30;nibaod;x
385;150;75;23;dumaram;x
386;92;240;24;lanune;x
387;112;236;112;bepafa;x
388;71;185;104;ranija;x
389;181;212;97;tohucho;x
390;180;28;49;egawone;x
391;121;129;40;wadavi;x
392;111;226;61;retila;x
393;116;167;97;atraiin;x
394;242;122;60;bous;x
395;101;140;2;wuvunno;x
396;217;247;113;seonizo;x
397;181;252;54;asodelen;x
398;86;94;64;raurija;x
399;177;18;117;amekilip;x
400;166;247;105;tanilo;x
401;122;185;58;rading;x
402;226;4;113;widavi;x
403;158;149;117;tetaya;x
404;142;159;78;kobalim;x
405;214;86;33;qatan;x
406;108;73;2;ralim;x
407;70;136;83;nanuluk;x
408;219;227;0;sanune;x
409;154;2;99;lyasaud;x
410;241;209;110;lelelen;x
411;219;216;54;ejolaya;x
412;186;13;70;dunaud;x
413;93;222;88;washia;x
414;132;131;71;waud;x
415;136;126;125;toduo;x
416;105;93;108;walim;x
417;250;22;103;esanuluk;x
418;156;207;55;dawalim;x
419;110;181;84;tetaday;x
420;92;5;109;elekavi;x
421;201;91;27;kezali;x
422;114;185;46;afrili;x
423;175;107;11;taut;x
424;227;102;77;alavi;x
425;92;150;110;tanong;x
426;246;195;104;kuvina;x
427;132;53;46;kulavi;x
428;65;76;21;notipp;x
429;231;70;80;qasara;x
430;113;51;80;telerin;x
431;236;69;120;neorge;x
432;229;163;7;lavi;x
433;64;158;57;bameer;x
434;161;242;20;qibafa;x
435;139;227;97;wasardu;x
436;251;149;44;karqan;x
437;156;115;65;teatilo;x
438;95;78;56;tadodu;x
439;197;22;30;seonali;x
440;247;103;110;togous;x
441;100;147;66;negila;x
442;91;83;90;aguilp;x
443;225;121;93;bekuluk;x
444;158;165;43;suboald;x
445;123;111;12;seraud;x
446;252;59;85;delomas;x
447;156;189;115;elaya;x
448;116;80;82;elauredo;x
449;152;182;39;tadavi;x
450;83;163;19;samavi;x
451;71;137;117;qaiz;x
452;96;117;112;weuta;x
453;69;11;108;soulm;x
454;93;101;80;buluk;x
455;216;69;11;wetila;x
456;181;147;73;repooma;x
457;228;200;8;tekone;x
458;234;35;106;retizo;x
459;184;222;101;ahalune;x
460;85;168;2;bamooma;x
461;102;153;39;kuvonse;x
462;234;95;59;lelaya;x
463;249;105;84;diculam;x
464;155;47;71;tutas;x
465;84;155;54;tyasoald;x
466;104;177;12;adashali;x
467;236;61;3;aticeo;x
468;176;178;63;basalim;x
469;225;200;2;retavi;x
470;240;82;54;deth;x
471;230;86;91;kilanda;x
472;151;176;31;wonegin;x
473;74;125;54;kicavi;x
474;170;146;121;koleka;x
475;128;145;67;sashilo;x
476;179;109;69;nanafa;x
477;142;46;80;legeuta;x
478;181;36;90;ratone;x
479;99;169;92;qadooma;x
480;232;86;60;dunoald;x
481;79;181;40;nadaud;x
482;126;36;108;syakone;x
483;67;241;8;ejulila;x
484;178;5;83;rubalim;x
485;156;223;65;alous;x
486;141;232;38;qulattan;x
487;229;65;8;qolila;x
488;210;156;111;kegin;x
489;215;162;74;ravi;x
490;189;55;34;rasanda;x
491;180;212;52;nideer;x
492;124;128;42;suina;x
493;138;175;56;beatila;x
494;239;93;9;qeteka;x
495;195;100;37;runaya;x
496;156;147;98;erard;x
497;163;17;122;nadulam;x
498;142;235;35;lelizo;x
499;73;114;27;kifidha;x
500;136;70;111;tuwunia;x
501;151;242;15;bolatevi;x
502;96;105;27;azhonas;x
503;97;74;46;lyakau;x
504;199;132;68;toladay;x
505;131;238;43;daurija;x
506;244;45;61;qanegin;x
507;123;55;32;toimtas;x
508;126;91;101;kamara;x
509;223;222;97;kibedo;x
510;238;240;65;wikira;x
511;120;26;63;laseth;x
512;166;195;12;dyasance;x
513;199;117;95;rezeer;x
514;171;53;105;eronas;x
515;199;175;88;wulila;x
516;77;73;38;rayna;x
517;239;231;111;telulam;x
518;219;120;30;anamegin;x
519;183;216;80;nira;x
520;225;188;35;abal;x
521;207;84;116;tara;x
522;247;192;35;touara;x
523;188;94;57;kance;x
524;69;230;123;ejolulam;x
525;227;170;124;kimal;x
526;80;85;73;liedas;x
527;243;234;64;nalektas;x
528;114;141;2;tattan;x
529;88;155;2;asochi;x
530;222;200;45;ryasonas;x
531;238;97;107;qalim;x
532;131;105;86;kira;x
533;204;74;122;tulaul;x
534;243;131;108;tikiel;x
535;153;16;101;kostun;x
536;139;195;112;dautas;x
537;221;84;94;tubaud;x
538;168;244;115;toras;x
539;196;217;23;seter;x
540;68;129;31;liketh;x
541;120;89;30;babulam;x
542;181;69;5;durijah;x
543;103;18;0;tujochi;x
544;72;13;26;bamiedas;x
545;72;11;74;wira;x
546;201;20;98;bulidha;x
547;79;116;111;talektas;x
548;227;103;45;teconas;x
549;143;163;124;tonijah;x
550;108;40;36;wurumay;x
551;252;133;108;lumayita;x
552;203;240;112;teriel;x
553;179;192;18;asaul;x
554;207;93;21;dubaya;x
555;214;141;23;timaud;x
556;155;19;115;ruliel;x
557;182;123;1;doimdas;x
558;162;45;51;kyasaul;x
559;121;76;62;kaisaud;x
560;181;226;87;bophia;x
561;68;14;107;aleth;x
562;243;57;106;kumophia;x
563;76;203;114;qeokha;x
564;252;19;81;dusaham;x
565;133;94;22;kaiy;x
566;81;9;74;dyasaul;x
567;74;189;90;qarochi;x
568;191;71;56;alanda;x
569;144;82;27;sunonas;x
570;196;212;58;nalekaya;x
571;140;45;45;tasara;x
572;206;171;99;wavong;x
573;237;22;38;leranda;x
574;88;213;103;risochi;x
575;193;178;123;keoduin;x
576;210;48;89;esamaham;x
577;244;82;109;kikara;x
578;215;200;97;tophia;x
579;111;215;82;terara;x
580;180;62;16;eraising;x
581;248;161;2;leleer;x
582;118;165;90;erikaul;x
583;122;197;5;seridha;x
584;245;245;66;lelouh;x
585;97;162;67;sing;x
586;237;140;43;kuilan;x
587;234;67;124;wimoald;x
588;163;35;77;keodohn;x
589;151;148;6;kangir;x
590;135;196;102;rayadin;x
591;66;135;50;biemong;x
592;77;243;75;lenua;x
593;248;162;9;wamattan;x
594;207;135;16;lunalim;x
595;126;113;56;keochi;x
596;89;109;62;rizong;x
597;77;179;98;dattan;x
598;102;169;48;nophia;x
599;112;138;100;wozafur;x
600;171;253;109;ezayn;x
601;137;13;17;deeth;x
602;170;239;8;lisigun;x
603;183;81;100;rohena;x
604;98;73;74;nanda;x
605;153;250;20;leinita;x
606;136;212;65;rozutta;x
607;247;109;74;tavala;x
608;79;95;33;laming;x
609;251;68;118;dimonas;x
610;212;210;51;dirar;x
611;107;148;106;ranuin;x
612;148;226;24;kabulam;x
613;118;90;49;ademua;x
614;103;44;116;esenayn;x
615;69;91;100;selutta;x
616;105;130;40;tusafur;x
617;142;234;40;sanara;x
618;97;233;76;neryu;x
619;82;122;79;syoronas;x
620;203;28;81;kanani;x
621;128;211;89;kisuilan;x
622;231;135;81;lyasafur;x
623;92;154;112;baleking;x
624;169;129;88;kelalib;x
625;76;116;19;kisizhi;x
626;212;35;110;nutemba;x
627;201;100;69;tuhas;x
628;104;100;81;qavua;x
629;183;191;46;asamayn;x
630;159;120;102;kasemba;x
631;83;37;114;tasabi;x
632;194;67;121;syefanbu;x
633;151;176;81;qisafur;x
634;112;251;92;tohena;x
635;133;63;121;edein;x
636;232;135;108;tanani;x
637;72;104;96;royaoz;x
638;239;147;116;ryouz;x
639;76;113;30;rozizhi;x
640;92;235;9;roriya;x
641;126;137;125;neridha;x
642;213;25;28;wiemar;x
643;85;254;5;tizong;x
644;90;79;36;woyaham;x
645;253;80;125;bedanca;x
646;76;187;48;loyafur;x
647;172;208;41;besaham;x
648;113;189;67;samagol;x
649;208;110;102;tasad;x
650;134;176;72;kuhand;x
651;153;207;120;nuseusz;x
652;205;47;72;takatsi;x
653;87;176;60;ramouz;x
654;154;41;47;lemayn;x
655;79;19;6;agoriya;x
656;102;182;120;asamutta;x
657;219;47;123;kereph;x
658;122;180;56;sunyu;x
659;201;168;53;qedyu;x
660;163;121;18;redaad;x
661;73;37;65;agyao;x
662;103;64;10;ramutta;x
663;144;94;62;tajeusz;x
664;86;124;90;keph;x
665;153;50;99;wagert;x
666;93;228;19;kesuilan;x
667;106;106;62;baopenzu;x
668;196;188;99;takumna;x
669;209;135;90;agyay;x
670;110;109;1;keorge;x
671;139;93;61;nigila;x
672;235;113;118;riam;x
673;220;78;102;rizizhi;x
674;141;24;52;das;x
675;136;189;119;lazaad;x
676;198;82;38;sazeph;x
677;239;102;92;kahra;x
678;87;144;113;azaiti;x
679;147;50;3;qezime;x
680;221;2;86;qyuvaghu;x
681;224;197;88;tajera;x
682;217;114;61;kamouz;x
683;239;74;81;ryunert;x
684;219;61;10;buhagol;x
685;153;165;114;selua;x
686;134;180;45;niam;x
687;95;221;64;atimekel;x
688;163;121;65;bulovya;x
689;106;8;90;syunani;x
690;237;105;102;ahunagol;x
691;201;5;106;qamanca;x
692;244;215;106;kumna;x
693;95;50;56;najuke;x
694;75;29;52;kyaaq;x
695;69;5;41;wuniam;x
696;183;241;65;samahra;x
697;74;84;3;kezatsi;x
698;147;167;74;tukaaq;x
699;149;174;18;ninohn;x
700;158;4;112;teludis;x
701;229;210;69;wagunai;x
702;145;236;49;kutayen;x
703;162;50;44;tanold;x
704;105;63;57;nyuvila;x
705;118;92;101;kyunani;x
706;134;79;90;emosein;x
707;164;194;102;ekusaul;x
708;85;200;83;qataham;x
709;211;131;48;weorge;x
710;164;217;125;tatovya;x
711;189;22;31;bezaghu;x
712;66;207;112;roreth;x
713;129;111;79;niulf;x
714;250;32;15;qagan;x
715;130;102;42;rulein;x
716;190;150;43;kalohn;x
717;70;225;112;lielxun;x
718;105;203;45;keas;x
719;200;91;99;rakisa;x
720;199;238;18;byao;x
721;132;237;4;rohaiti;x
722;97;128;66;anajera;x
723;214;37;96;ranita;x
724;220;167;106;rozafur;x
725;120;155;121;kabafur;x
726;78;80;73;lohaiti;x
727;117;5;48;sahra;x
728;71;237;76;kelayn;x
729;206;239;117;byeh;x
730;237;115;118;sulurga;x
731;107;121;3;rimeph;x
732;87;36;53;qosas;x
733;70;230;25;rusaghu;x
734;243;47;117;adobuyan;x
735;112;129;96;norit;x
736;164;5;85;semoshi;x
737;95;104;25;afageuba;x
738;138;241;73;ranimon;x
739;238;131;34;akinaud;x
740;131;9;105;tesalib;x
741;63;107;69;wataham;x
742;99;175;82;kyuvaiti;x
743;131;218;49;kelafur;x
744;223;11;54;arize;x
745;97;60;4;etigaul;x
746;163;63;13;kataac;x
747;86;91;121;kinuna;x
748;169;1;84;kaoji;x
749;239;51;40;sesind;x
750;80;53;37;nizaham;x
751;93;170;115;larit;x
752;118;74;105;nulenzu;x
753;253;4;53;razeph;x
754;204;29;7;suna;x
755;177;232;32;ahislav;x
756;80;159;25;dobisla;x
757;115;124;72;qarold;x
758;184;85;96;everit;x
759;222;203;3;wesinluo;x
760;248;15;99;dilalku;x
761;97;115;7;enan;x
762;77;7;15;waleuta;x
763;109;48;6;aruoxun;x
764;178;177;24;tayen;x
765;243;141;93;dimeof;x
766;208;146;77;dyi;x
767;70;222;43;demayn;x
768;145;186;98;rukaaq;x
769;127;173;83;dalogan;x
770;123;215;80;rizushu;x
771;227;114;47;leon;x
772;193;156;24;tesouh;x
773;235;220;3;enajayen;x
774;252;75;34;leinann;x
775;196;36;21;rineuta;x
776;249;119;82;akiroa;x
777;231;236;26;wagayn;x
778;139;111;44;ereinita;x
779;191;164;40;sinuin;x
780;183;247;43;dereth;x
781;122;49;118;souh;x
782;196;157;36;waisert;x
783;164;64;43;tutair;x
784;248;212;91;sagert;x
785;177;79;106;qanudis;x
786;158;82;45;qulein;x
787;198;2;82;ludis;x
788;196;212;109;daranda;x
789;196;141;121;lalurga;x
790;193;64;81;kyunert;x
791;180;231;62;ahjita;x
792;197;234;54;qenit;x
793;193;170;31;dinura;x
794;150;81;91;teinura;x
795;142;214;79;rekanai;x
796;173;111;68;raluyan;x
797;70;9;41;benit;x
798;198;149;94;sarold;x
799;143;146;49;alucaret;x
800;206;207;22;wagol;x
801;96;187;118;keloshi;x
802;157;164;41;eleer;x
803;65;185;105;tobisla;x
804;84;45;5;tanisa;x
805;250;236;37;acyoor;x
806;86;124;112;lirit;x
807;250;162;28;areinura;x
808;228;116;1;kan;x
809;106;27;79;lalisla;x
810;125;37;99;lucert;x
811;147;205;121;wareka;x
812;153;47;103;abasudis;x
813;147;173;50;selann;x
814;229;159;118;butisa;x
815;88;178;3;tajert;x
816;205;60;38;qeluna;x
817;171;179;78;wizian;x
818;91;117;75;naroa;x
819;64;207;117;dageer;x
820;101;211;106;barita;x
821;140;167;78;kae;x
822;130;75;87;kaneuta;x
823;88;233;65;amaludis;x
824;136;230;88;deinuna;x
825;63;197;0;qilalku;x
826;90;77;102;keneth;x
827;65;0;85;beleuta;x
828;70;243;74;ranann;x
829;186;165;59;birichar;x
830;73;1;41;atimaret;x
831;244;133;12;kazahra;x
832;208;145;99;tian;x
833;243;148;120;nararet;x
834;139;63;107;narusraw;x
835;244;47;68;walunai;x
836;111;188;123;qajisla;x
837;179;165;42;tenuna;x
838;221;96;73;rinoa;x
839;68;15;112;rekaba;x
840;250;241;57;karit;x
841;103;89;62;narogan;x
842;153;171;49;qigeof;x
843;75;118;26;evalim;x
844;247;88;4;dann;x
845;213;97;83;keina;x
846;116;13;97;sokotte;x
847;162;205;101;wireuta;x
848;115;26;100;kaiseph;x
849;190;34;73;bagize;x
850;241;169;37;esakudis;x
851;151;110;46;tielou;x
852;202;237;84;laneka;x
853;110;125;98;wanica;x
854;198;178;100;qirian;x
855;249;130;35;samespie;x
856;152;80;121;raleer;x
857;133;151;27;tagayn;x
858;182;35;7;kumita;x
859;234;238;99;tobiulf;x
860;115;140;95;nareth;x
861;106;128;60;wirunai;x
862;133;80;84;kereth;x
863;103;121;12;amsunai;x
864;189;214;65;byunert;x
865;127;246;3;razand;x
866;165;123;43;darohn;x
867;66;145;50;sagisla;x
868;112;17;48;qinnaret;x
869;227;225;84;ekanica;x
870;109;88;28;korinor;x
871;230;107;30;bakua;x
872;137;176;125;reiruin;x
873;85;160;77;nelinor;x
874;141;96;49;kyia;x
875;213;159;69;laarotte;x
876;130;36;7;kumit;x
877;150;209;74;warichar;x
878;142;114;12;sobeuba;x
879;190;223;0;wereth;x
880;157;190;97;belohn;x
881;205;15;54;dyunert;x
882;183;172;70;sinnalda;x
883;80;28;58;waleer;x
884;72;206;10;weneer;x
885;74;151;70;kirim;x
886;207;204;7;naisold;x
887;167;232;78;qeneuta;x
888;128;184;73;ralimon;x
889;207;33;12;ralou;x
890;225;134;16;kimani;x
891;75;1;91;deraud;x
892;76;93;62;renuna;x
893;251;151;27;waruyan;x
894;178;83;38;rireka;x
895;99;112;20;rinnekel;x
896;124;236;14;lajayn;x
897;130;249;52;warian;x
898;162;9;36;wanert;x
899;151;253;37;tajilda;x
900;89;112;42;arouh;x
901;184;104;79;ragou;x
902;176;66;55;rinnert;x
903;170;136;58;walita;x
904;171;187;70;rarushu;x
905;250;232;54;barian;x
906;118;51;98;leof;x
907;76;49;25;rereka;x
908;173;130;126;siruna;x
909;240;136;99;qucaret;x
910;213;223;0;narert;x
911;144;80;43;damaret;x
912;150;61;16;qelaud;x
913;198;41;50;banita;x
914;217;237;82;norann;x
915;100;197;7;qyunekel;x
916;68;78;123;bizichar;x
917;238;148;53;kajunai;x
918;210;92;113;dusunai;x
919;81;115;53;berit;x
920;121;146;107;ehjuna;x
921;137;83;51;saguin;x
922;163;85;32;laisxun;x
923;155;92;16;tageof;x
924;95;196;40;sanuna;x
925;183;24;11;tobian;x
926;148;28;19;karuin;x
927;215;103;27;barold;x
928;114;193;20;terohn;x
929;132;223;4;ranize;x
930;159;164;23;ryunani;x
931;208;170;50;tanert;x
932;111;137;75;tineuta;x
933;73;77;120;reuba;x
934;174;236;98;sigold;x
935;131;193;42;lajekel;x
936;142;34;15;ecekalf;x
937;97;27;44;sahine;x
938;117;102;0;qimeph;x
939;179;196;121;efagine;x
940;227;42;10;qigan;x
941;239;120;93;qarica;x
942;141;238;72;dizoshi;x
943;108;105;3;tae;x
944;152;182;28;tucold;x
945;202;75;13;lyunaret;x
946;128;210;103;ria;x
947;222;230;100;toburd;x
948;107;131;72;danuyan;x
949;182;163;100;wufudis;x
950;219;41;47;kofyula;x
951;253;130;42;tofurla;x
952;198;8;29;qobibor;x
953;170;17;109;adanari;x
954;199;117;16;qizarva;x
955;77;207;60;ejayas;x
956;252;0;5;qanak;x
957;150;228;27;rabilay;x
958;239;30;113;soreuta;x
959;200;62;75;kiralp;x
960;240;76;48;qelayor;x
961;149;44;64;tanja;x
962;211;132;65;layaham;x
963;107;224;85;tenayor;x
964;82;174;121;toazena;x
965;74;135;63;amevoila;x
966;74;208;22;qilaham;x
967;81;253;12;emaheri;x
968;174;241;126;talulay;x
969;141;42;44;renena;x
970;117;140;2;ahilia;x
971;141;171;36;kevena;x
972;165;88;7;nenupo;x
973;185;170;14;lenenna;x
974;163;9;58;ryehous;x
975;73;110;17;ajayasz;x
976;148;228;35;nyehulay;x
977;199;179;92;qyehupo;x
978;93;77;37;tayala;x
979;168;163;85;telisa;x
980;223;23;110;tayasz;x
981;152;62;1;salulay;x
982;162;215;95;weloila;x
983;101;151;87;daraud;x
984;135;26;102;sayaadi;x
985;184;121;110;nenoila;x
986;182;243;126;edharena;x
987;72;3;37;kujart;x
988;166;14;33;kotegen;x
989;189;108;125;dalulay;x
990;107;154;74;kalegen;x
991;156;238;65;kelenna;x
992;80;56;19;keraka;x
993;66;244;50;ryasilia;x
994;186;8;109;kimegen;x
995;236;49;86;tatupo;x
996;124;68;102;etathi;x
997;115;214;47;relupo;x
998;244;4;90;qenarna;x
999;221;242;60;kilayor;x
1000;64;115;60;kas;x
1001;211;127;94;lenomir;x
1002;222;197;58;qubaak;x
1003;111;61;81;terand;x
1004;86;211;107;revanna;x
1005;91;50;54;kaloila;x
1006;172;240;82;wanaret;x
1007;171;235;28;koutier;x
1008;160;225;2;raraya;x
1009;253;120;44;nirma;x
1010;108;167;80;talick;x
1011;134;27;5;linelen;x
1012;208;213;45;kadarin;x
1013;101;43;61;riegian;x
1014;84;1;47;kurisa;x
1015;75;188;85;radian;x
1016;123;246;2;enend;x
1017;122;104;57;duriku;x
1018;194;100;4;kairar;x
1019;22;28;197;;x
1020;55;108;141;;x
1021;35;52;146;;x
1022;38;39;137;;x
1023;57;107;153;;x
1024;43;82;192;;x
1025;4;78;189;;x
1026;46;76;207;;x
1027;35;88;206;;x
1028;51;68;164;;x
1029;14;46;201;;x
1030;9;42;172;;x
1031;36;124;235;;x
1032;9;50;150;;x
1033;23;4;245;;x
1034;62;43;228;;x
1035;13;67;254;;x
1036;43;10;219;;x
1037;61;34;174;;x
1038;31;46;161;;x
1039;14;19;145;;x
1040;35;29;217;;x
1041;33;109;212;;x
1042;63;21;183;;x
1043;33;31;180;;x
1044;41;60;182;;x
1045;31;70;140;;x
1046;27;109;206;;x
1047;43;102;146;;x
1048;21;74;195;;x
1049;21;7;172;;x
1050;32;0;245;;x
1051;5;76;191;;x
1052;56;9;146;;x
1053;13;5;244;;x
1054;25;41;221;;x
1055;13;29;221;;x
1056;4;43;219;;x
1057;51;72;170;;x
1058;4;121;146;;x
1059;1;20;130;;x
1060;16;17;177;;x
1061;45;17;228;;x
1062;49;73;129;;x
1063;16;24;147;;x
1064;15;64;201;;x
1065;17;60;251;;x
1066;23;107;201;;x
1067;14;104;203;;x
1068;15;71;223;;x
1069;8;58;143;;x
1070;57;27;236;;x
1071;1;116;209;;x
1072;36;42;249;;x
1073;53;100;179;;x
1074;13;75;178;;x
1075;39;40;216;;x
1076;13;30;213;;x
1077;28;47;218;;x
1078;33;76;175;;x
1079;14;103;207;;x
1080;34;37;164;;x
1081;40;100;131;;x
1082;15;94;197;;x
1083;29;60;240;;x
1084;55;66;173;;x
1085;8;105;187;;x
1086;34;61;251;;x
1087;21;101;176;;x
1088;18;65;220;;x
1089;28;55;233;;x
1090;31;87;238;;x
1091;30;92;242;;x
1092;16;24;198;;x
1093;57;83;138;;x
1094;53;127;214;;x
1095;40;40;165;;x
1096;30;118;224;;x
1097;40;77;146;;x
1098;58;29;204;;x
1099;6;45;218;;x
1100;59;43;135;;x
1101;13;10;201;;x
1102;18;102;221;;x
1103;39;82;153;;x
1104;30;66;163;;x
1105;40;35;131;;x
1106;33;108;175;;x
1107;7;42;133;;x
1108;61;72;189;;x
1109;13;94;226;;x
1110;14;35;241;;x
1111;43;27;153;;x
1112;7;64;134;;x
1113;30;96;156;;x
1114;59;72;148;;x
1115;5;94;148;;x
1116;60;43;230;;x
1117;21;122;161;;x
1118;46;97;167;;x
1119;50;62;134;;x
1120;16;120;158;;x
1121;37;113;214;;x
1122;19;15;188;;x
1123;21;106;230;;x
1124;33;113;246;;x
1125;9;22;175;;x
1126;12;36;167;;x
1127;22;76;137;;x
1128;11;117;173;;x
1129;26;0;141;;x
1130;10;63;229;;x
1131;15;51;253;;x
1132;10;106;214;;x
1133;33;91;228;;x
1134;11;78;190;;x
1135;9;9;252;;x
1136;24;101;153;;x
1137;44;77;133;;x
1138;17;103;141;;x
1139;41;94;249;;x
1140;21;13;242;;x
1141;4;35;199;;x
1142;42;107;144;;x
1143;27;18;234;;x
1144;9;124;211;;x
1145;31;43;183;;x
1146;45;105;169;;x
1147;20;95;130;;x
1148;21;114;223;;x
1149;42;104;234;;x
1150;52;83;216;;x
1151;61;42;137;;x
1152;17;32;195;;x
1153;50;6;133;;x
1154;43;55;239;;x
1155;19;37;242;;x
1156;17;77;177;;x
1157;21;104;196;;x
1158;17;119;132;;x
1159;29;43;171;;x
1160;30;95;212;;x
1161;17;125;143;;x
1162;52;112;221;;x
1163;58;76;234;;x
1164;1;21;184;;x
1165;62;124;221;;x
1166;23;75;194;;x
1167;40;58;187;;x
1168;42;118;254;;x
1169;38;48;147;;x
1170;52;77;217;;x
1171;56;37;209;;x
1172;12;15;140;;x
1173;24;112;194;;x
1174;51;67;144;;x
1175;9;119;250;;x
1176;0;29;180;;x
1177;5;14;211;;x
1178;46;3;226;;x
1179;21;63;175;;x
1180;33;41;228;;x
1181;58;25;202;;x
1182;50;35;178;;x
1183;46;16;230;;x
1184;23;37;197;;x
1185;62;122;177;;x
1186;32;72;227;;x
1187;28;58;214;;x
1188;56;22;206;;x
1189;41;55;234;;x
1190;32;81;207;;x
1191;34;37;177;;x
1192;37;107;223;;x
1193;27;100;166;;x
1194;48;76;183;;x
1195;38;84;241;;x
1196;16;100;140;;x
1197;43;34;220;;x
1198;33;49;225;;x
1199;35;47;235;;x
1200;54;84;251;;x
1201;2;97;148;;x
1202;20;45;150;;x
1203;24;104;163;;x
1204;7;53;237;;x
1205;12;9;146;;x
1206;36;121;245;;x
1207;22;16;163;;x
1208;58;37;176;;x
1209;26;34;230;;x
1210;38;60;250;;x
